lag,lb_stat,lb_pvalue
4,253.73933292876026,1.0185244667447295e-53
8,274.5219242591135,1.0773021331546406e-54
12,320.8693019480806,1.9279138816309046e-61
